{
  "packages/ui/src/index.ts": 1775829713.2748644,
  "packages/ui/src/molecules/tabs/index.tsx": 1775829781.4660423,
  "packages/ui/src/molecules/tabs/tabs.stories.tsx": 1775829781.4712167,
  "packages/ui/src/molecules/dropdown/index.tsx": 1775829781.4529877,
  "packages/ui/src/molecules/dropdown/dropdown.stories.tsx": 1775968280.0519698,
  "packages/ui/src/molecules/dialog/index.tsx": 1775829781.4456398,
  "packages/ui/src/molecules/dialog/dialog.stories.tsx": 1775968201.3956187,
  "packages/ui/src/molecules/sheet/index.tsx": 1775829781.45529,
  "packages/ui/src/molecules/sheet/sheet.stories.tsx": 1775968279.7994432,
  "packages/ui/src/atoms/tooltip/index.tsx": 1775829781.3683858,
  "packages/ui/src/atoms/tooltip/tooltip.stories.tsx": 1775968279.047825,
  "packages/ui/src/atoms/card/card.stories.tsx": 1775829781.252916,
  "packages/ui/src/atoms/card/index.tsx": 1775829781.2622907,
  "packages/ui/src/atoms/input/index.tsx": 1775829781.2934391,
  "packages/ui/src/atoms/input/input.stories.tsx": 1775829781.3008149,
  "packages/ui/src/atoms/skeleton/index.tsx": 1775829781.3517914,
  "packages/ui/src/atoms/skeleton/skeleton.stories.tsx": 1775829781.3556242,
  "packages/ui/src/atoms/separator/index.tsx": 1775829781.3370862,
  "packages/ui/src/atoms/separator/separator.stories.tsx": 1775829781.3465652,
  "packages/ui/src/atoms/checkbox/index.tsx": 1775829781.2866654,
  "packages/ui/src/atoms/checkbox/checkbox.stories.tsx": 1775968279.5502808,
  "packages/ui/src/atoms/label/index.tsx": 1775829781.3105066,
  "packages/ui/src/atoms/label/label.stories.tsx": 1775968279.3015096,
  "packages/ui/src/atoms/textarea/index.tsx": 1775829781.3601382,
  "packages/ui/src/atoms/textarea/textarea.stories.tsx": 1775968278.7947688,
  "packages/ui/src/atoms/button/index.tsx": 1775968263.8283517,
  "packages/ui/src/atoms/button/button.stories.tsx": 1775829781.2288425,
  "packages/ui/src/atoms/avatar/index.tsx": 1775829781.1900737,
  "packages/ui/src/atoms/avatar/avatar.stories.tsx": 1775829781.1789372,
  "packages/ui/src/atoms/select/index.tsx": 1775829781.3226,
  "packages/ui/src/atoms/select/select.stories.tsx": 1775829781.3322477,
  "packages/ui/src/atoms/badge/index.tsx": 1775829781.212214,
  "packages/ui/src/atoms/badge/badge.stories.tsx": 1775829781.2037313,
  "packages/ui/src/providers/ThemeProvider.tsx": 1775829781.4943943,
  "packages/ui/src/providers/index.ts": 1775829713.2911818,
  "packages/ui/src/components/ui/tabs.tsx": 1775829781.419682,
  "packages/ui/src/components/ui/sheet.tsx": 1775829781.414882,
  "packages/ui/src/components/ui/tooltip.tsx": 1775829781.4238274,
  "packages/ui/src/components/ui/avatar.tsx": 1775829781.3817508,
  "packages/ui/src/components/ui/dialog.tsx": 1775829781.390685,
  "packages/ui/src/components/ui/separator.tsx": 1775829781.4051979,
  "packages/ui/src/components/ui/dropdown-menu.tsx": 1775829781.4007628,
  "packages/ui/src/theme/theme.d.ts": 1775829713.3007238,
  "packages/ui/src/theme/index.ts": 1775829713.294823,
  "packages/ui/src/lib/utils.ts": 1775829713.287588,
  "packages/ui/src/organisms/pagination/index.tsx": 1775829781.4826238,
  "packages/ui/src/organisms/pagination/pagination.stories.tsx": 1775829781.4873717,
  "packages/database/prisma.config.ts": 1775829780.5853784,
  "packages/database/src/prisma.module.ts": 1775811567.677869,
  "packages/database/src/index.ts": 1775829780.5912788,
  "packages/config/prettier/index.js": 1775811567.6761994,
  "packages/config/eslint/index.js": 1775811567.6760392,
  "packages/redis/src/inventory.ts": 1775829780.614866,
  "packages/redis/src/index.ts": 1775829780.6106596,
  "packages/redis/src/env.ts": 1775829780.6063795,
  "packages/redis/src/cart.ts": 1775829780.60429,
  "packages/constants/src/order-status.ts": 1775829780.5746644,
  "packages/constants/src/seller-status.ts": 1775829780.5783303,
  "packages/constants/src/index.ts": 1775829780.568483,
  "packages/constants/src/user-roles.ts": 1775829780.5814185,
  "packages/shared/src/pagination.ts": 1775829780.6359334,
  "packages/shared/src/api.ts": 1775829780.619709,
  "packages/shared/src/index.ts": 1775829780.631373,
  "packages/shared/src/env.ts": 1775829780.6284714,
  "packages/shared/src/schemas/payment.ts": 1775829780.6641457,
  "packages/shared/src/schemas/product.ts": 1775829780.6721337,
  "packages/shared/src/schemas/seller.ts": 1775829780.6808891,
  "packages/shared/src/schemas/order.ts": 1775829780.6587903,
  "packages/shared/src/schemas/cart.ts": 1775829780.6478908,
  "packages/shared/src/schemas/user.ts": 1775829780.685576,
  "packages/shared/src/schemas/auth.ts": 1775829780.6426709,
  "packages/api-client/src/product-client.ts": 1775829780.5081925,
  "packages/api-client/src/order-client.ts": 1775829780.503339,
  "packages/api-client/src/client.ts": 1775829780.4938002,
  "packages/api-client/src/cart-client.ts": 1775829780.4857688,
  "packages/api-client/src/index.ts": 1775829780.4964757,
  "packages/api-client/src/auth-client.ts": 1775829780.4803622,
  "packages/api-types/src/index.ts": 1775829780.5292077,
  "packages/api-types/src/seller/index.ts": 1775829780.565137,
  "packages/api-types/src/order/index.ts": 1775829780.539999,
  "packages/api-types/src/auth/index.ts": 1775829780.5171354,
  "packages/api-types/src/payment/index.ts": 1775829780.545636,
  "packages/api-types/src/product/index.ts": 1775829780.5574446,
  "packages/api-types/src/common/index.ts": 1775829780.5263834,
  "packages/ui-admin/src/index.ts": 1775829780.7151587,
  "packages/ui-admin/src/molecules/data-table/index.tsx": 1775829780.7512658,
  "packages/ui-admin/src/molecules/data-table/types.ts": 1775829780.755954,
  "packages/ui-admin/src/molecules/data-table/data-table.stories.tsx": 1775829780.735212,
  "packages/ui-admin/src/atoms/stat-card/index.tsx": 1775829780.7047596,
  "packages/ui-admin/src/atoms/stat-card/stat-card.stories.tsx": 1775829780.7114117,
  "packages/ui-admin/src/atoms/breadcrumb/index.tsx": 1775829780.6985414,
  "packages/ui-admin/src/atoms/breadcrumb/breadcrumb.stories.tsx": 1775829780.6923952,
  "packages/ui-admin/src/providers/index.ts": 1775829780.7899692,
  "packages/ui-admin/src/layouts/admin-layout/index.tsx": 1775829780.7270324,
  "packages/ui-admin/src/layouts/admin-layout/admin-layout.stories.tsx": 1775829780.7217178,
  "packages/ui-admin/src/organisms/sidebar/index.tsx": 1775829959.6935332,
  "packages/ui-admin/src/organisms/sidebar/types.ts": 1775829780.7874994,
  "packages/ui-admin/src/organisms/sidebar/sidebar.stories.tsx": 1775829780.7842867,
  "packages/ui-admin/src/organisms/admin-header/index.tsx": 1775829959.4710464,
  "packages/ui-admin/src/organisms/admin-header/types.ts": 1775829780.769553,
  "packages/ui-admin/src/organisms/admin-header/admin-header.stories.tsx": 1775829780.760964,
  "packages/ui-storefront/src/index.ts": 1775829780.811321,
  "packages/ui-storefront/src/molecules/filter-sidebar/index.tsx": 1775829780.8657591,
  "packages/ui-storefront/src/molecules/filter-sidebar/types.ts": 1775829780.8692849,
  "packages/ui-storefront/src/molecules/filter-sidebar/filter-sidebar.stories.tsx": 1775829780.8563075,
  "packages/ui-storefront/src/molecules/product-card/index.tsx": 1775830022.8149667,
  "packages/ui-storefront/src/molecules/product-card/types.ts": 1775829780.885052,
  "packages/ui-storefront/src/molecules/product-card/product-card.stories.tsx": 1775829780.8826256,
  "packages/ui-storefront/src/atoms/cart-item/index.tsx": 1775829780.8051147,
  "packages/ui-storefront/src/atoms/cart-item/cart-item.stories.tsx": 1775829780.7974718,
  "packages/ui-storefront/src/atoms/cart-item/types.ts": 1775829780.8085353,